{
	"credit": "Made with Blockbench",
	"texture_size": [32, 32],
	"textures": {
		"0": "item/coffee"
	},
	"display": {
		"thirdperson_righthand": {
		  "rotation": [ 90, 90, -45 ],
		  "translation": [ 0, 4, 1 ],
		  "scale": [ 0.55, 0.55, 0.55 ]
		},
		"thirdperson_lefthand": {
			"rotation": [ 0, -90, -45 ],
			"translation": [ 0, 4, 1 ],
			"scale": [ 0.55, 0.55, 0.55 ]
		},
		"firstperson_righthand": {
		  "rotation": [ 0, 90, 0 ],
		  "translation": [ 0, 5, 0 ],
		  "scale": [ 0.75, 0.75, 0.75 ]
		},
		"firstperson_lefthand": {
			"rotation": [ 0, -90, 0 ],
			"translation": [ 0, 5, 0 ],
			"scale": [ 0.75, 0.75, 0.75 ]
		},
		"gui": {
			"rotation": [ 45, 45, 0 ],
			"translation": [ 0, 1, 0 ],
			"scale": [ 1, 1, 1 ]
		},
		"ground": {
			"rotation": [ 0, 0, 0 ],
			"translation": [ 0, 1, 0 ],
			"scale": [ 0.5, 0.5, 0.5 ]
		},
		"fixed": {
			"rotation": [ -90, 0, 0 ],
			"translation": [ 0, 0, -12 ],
			"scale": [ 1.5, 1.5, 1.5 ]
		}
	},
	"elements": [
		{
			"from": [5, 0, 5],
			"to": [11, 6, 11],
			"rotation": {"angle": 0, "axis": "y", "origin": [8, 0, 8]},
			"faces": {
				"north": {"uv": [3, 3, 6, 6], "texture": "#0"},
				"east": {"uv": [0, 3, 3, 6], "texture": "#0"},
				"south": {"uv": [9, 3, 12, 6], "texture": "#0"},
				"west": {"uv": [6, 3, 9, 6], "texture": "#0"},
				"up": {"uv": [6, 3, 3, 0], "texture": "#0"},
				"down": {"uv": [9, 0, 6, 3], "texture": "#0"}
			}
		},
		{
			"from": [10, 6, 5],
			"to": [11, 7, 11],
			"rotation": {"angle": 0, "axis": "y", "origin": [8, 0, 8]},
			"faces": {
				"north": {"uv": [7, 9.5, 7.5, 10], "texture": "#0"},
				"east": {"uv": [4, 9.5, 7, 10], "texture": "#0"},
				"south": {"uv": [10.5, 9.5, 11, 10], "texture": "#0"},
				"west": {"uv": [7.5, 9.5, 10.5, 10], "texture": "#0"},
				"up": {"uv": [7.5, 9.5, 7, 6.5], "texture": "#0"},
				"down": {"uv": [8, 6.5, 7.5, 9.5], "texture": "#0"}
			}
		},
		{
			"from": [5, 6, 5],
			"to": [6, 7, 11],
			"rotation": {"angle": 0, "axis": "y", "origin": [8, 0, 8]},
			"faces": {
				"north": {"uv": [3, 9, 3.5, 9.5], "texture": "#0"},
				"east": {"uv": [0, 9, 3, 9.5], "texture": "#0"},
				"south": {"uv": [6.5, 9, 7, 9.5], "texture": "#0"},
				"west": {"uv": [3.5, 9, 6.5, 9.5], "texture": "#0"},
				"up": {"uv": [3.5, 9, 3, 6], "texture": "#0"},
				"down": {"uv": [4, 6, 3.5, 9], "texture": "#0"}
			}
		},
		{
			"from": [6, 6, 10],
			"to": [10, 7, 11],
			"rotation": {"angle": 0, "axis": "y", "origin": [8, 0, 8]},
			"faces": {
				"north": {"uv": [8.5, 7.5, 10.5, 8], "texture": "#0"},
				"east": {"uv": [8, 7.5, 8.5, 8], "texture": "#0"},
				"south": {"uv": [11, 7.5, 13, 8], "texture": "#0"},
				"west": {"uv": [10.5, 7.5, 11, 8], "texture": "#0"},
				"up": {"uv": [10.5, 7.5, 8.5, 7], "texture": "#0"},
				"down": {"uv": [12.5, 7, 10.5, 7.5], "texture": "#0"}
			}
		},
		{
			"from": [6, 6, 5],
			"to": [10, 7, 6],
			"rotation": {"angle": 0, "axis": "y", "origin": [8, 0, 8]},
			"faces": {
				"north": {"uv": [8.5, 6.5, 10.5, 7], "texture": "#0"},
				"east": {"uv": [8, 6.5, 8.5, 7], "texture": "#0"},
				"south": {"uv": [11, 6.5, 13, 7], "texture": "#0"},
				"west": {"uv": [10.5, 6.5, 11, 7], "texture": "#0"},
				"up": {"uv": [10.5, 6.5, 8.5, 6], "texture": "#0"},
				"down": {"uv": [12.5, 6, 10.5, 6.5], "texture": "#0"}
			}
		},
		{
			"from": [3, 5, 7],
			"to": [5, 6, 9],
			"rotation": {"angle": 0, "axis": "y", "origin": [8, 0, 8]},
			"faces": {
				"north": {"uv": [10, 1, 11, 1.5], "texture": "#0"},
				"east": {"uv": [9, 1, 10, 1.5], "texture": "#0"},
				"south": {"uv": [12, 1, 13, 1.5], "texture": "#0"},
				"west": {"uv": [11, 1, 12, 1.5], "texture": "#0"},
				"up": {"uv": [11, 1, 10, 0], "texture": "#0"},
				"down": {"uv": [12, 0, 11, 1], "texture": "#0"}
			}
		},
		{
			"from": [3, 1, 7],
			"to": [5, 2, 9],
			"rotation": {"angle": 0, "axis": "y", "origin": [8, 0, 8]},
			"faces": {
				"north": {"uv": [9, 9, 10, 9.5], "texture": "#0"},
				"east": {"uv": [8, 9, 9, 9.5], "texture": "#0"},
				"south": {"uv": [11, 9, 12, 9.5], "texture": "#0"},
				"west": {"uv": [10, 9, 11, 9.5], "texture": "#0"},
				"up": {"uv": [10, 9, 9, 8], "texture": "#0"},
				"down": {"uv": [11, 8, 10, 9], "texture": "#0"}
			}
		},
		{
			"from": [2, 2, 7],
			"to": [3, 6, 9],
			"rotation": {"angle": 0, "axis": "y", "origin": [8, 0, 8]},
			"faces": {
				"north": {"uv": [1, 1, 1.5, 3], "texture": "#0"},
				"east": {"uv": [0, 1, 1, 3], "texture": "#0"},
				"south": {"uv": [2.5, 1, 3, 3], "texture": "#0"},
				"west": {"uv": [1.5, 1, 2.5, 3], "texture": "#0"},
				"up": {"uv": [1.5, 1, 1, 0], "texture": "#0"},
				"down": {"uv": [2, 0, 1.5, 1], "texture": "#0"}
			}
		}
	]
}