{
	"credit": "Made with Blockbench",
	"texture_size": [32, 32],
	"textures": {
		"0": "item/espresso",
		"particle": "item/espresso"
	},
	"display": {
		"thirdperson_righthand": {
		  "rotation": [ 90, -90, -45 ],
		  "translation": [ 0, 4, 1 ],
		  "scale": [ 0.55, 0.55, 0.55 ]
		},
		"thirdperson_lefthand": {
			"rotation": [ 0, 90, -45 ],
			"translation": [ 0, 4, 1 ],
			"scale": [ 0.55, 0.55, 0.55 ]
		},
		"firstperson_righthand": {
		  "rotation": [ 0, -90, 0 ],
		  "translation": [ 0, 5, 0 ],
		  "scale": [ 0.75, 0.75, 0.75 ]
		},
		"firstperson_lefthand": {
			"rotation": [ 0, 90, 0 ],
			"translation": [ 0, 5, 0 ],
			"scale": [ 0.75, 0.75, 0.75 ]
		},
		"gui": {
			"rotation": [ 45, -45, 0 ],
			"translation": [ 0, 1, 0 ],
			"scale": [ 1, 1, 1 ]
		},
		"ground": {
			"rotation": [ 0, 0, 0 ],
			"translation": [ 0, 1, 0 ],
			"scale": [ 0.5, 0.5, 0.5 ]
		},
		"fixed": {
			"rotation": [ -90, 180, 0 ],
			"translation": [ 0, 0, -12 ],
			"scale": [ 1.5, 1.5, 1.5 ]
		}
	},
	"elements": [
		{
			"from": [7, 1, 7],
			"to": [9, 4, 9],
			"faces": {
				"north": {"uv": [3, 0, 4, 1.5], "texture": "#0"},
				"east": {"uv": [3, 1.5, 4, 3], "texture": "#0"},
				"south": {"uv": [3, 3, 4, 4.5], "texture": "#0"},
				"west": {"uv": [4, 0, 5, 1.5], "texture": "#0"},
				"up": {"uv": [2, 7.5, 1, 6.5], "texture": "#0"},
				"down": {"uv": [3, 6.5, 2, 7.5], "texture": "#0"}
			}
		},
		{
			"from": [6, 2, 7],
			"to": [7, 5, 9],
			"faces": {
				"north": {"uv": [6.5, 6.5, 7, 8], "texture": "#0"},
				"east": {"uv": [4, 1.5, 5, 3], "texture": "#0"},
				"south": {"uv": [3.5, 7, 4, 8.5], "texture": "#0"},
				"west": {"uv": [4, 3, 5, 4.5], "texture": "#0"},
				"up": {"uv": [1.5, 8.5, 1, 7.5], "texture": "#0"},
				"down": {"uv": [2, 7.5, 1.5, 8.5], "texture": "#0"}
			}
		},
		{
			"from": [9, 2, 7],
			"to": [10, 5, 9],
			"faces": {
				"north": {"uv": [4, 7, 4.5, 8.5], "texture": "#0"},
				"east": {"uv": [3, 4.5, 4, 6], "texture": "#0"},
				"south": {"uv": [4.5, 7, 5, 8.5], "texture": "#0"},
				"west": {"uv": [4, 4.5, 5, 6], "texture": "#0"},
				"up": {"uv": [2.5, 8.5, 2, 7.5], "texture": "#0"},
				"down": {"uv": [3, 7.5, 2.5, 8.5], "texture": "#0"}
			}
		},
		{
			"from": [7, 2, 6],
			"to": [9, 5, 7],
			"rotation": {"angle": 0, "axis": "y", "origin": [8, 4, 8]},
			"faces": {
				"north": {"uv": [5, 3, 6, 4.5], "texture": "#0"},
				"east": {"uv": [6, 7, 6.5, 8.5], "texture": "#0"},
				"south": {"uv": [5, 4.5, 6, 6], "texture": "#0"},
				"west": {"uv": [7, 6.5, 7.5, 8], "texture": "#0"},
				"up": {"uv": [8.5, 8, 7.5, 7.5], "texture": "#0"},
				"down": {"uv": [7.5, 8, 6.5, 8.5], "texture": "#0"}
			}
		},
		{
			"from": [7, 2, 9],
			"to": [9, 5, 10],
			"rotation": {"angle": 0, "axis": "y", "origin": [8, 4, 8]},
			"faces": {
				"north": {"uv": [5, 0, 6, 1.5], "texture": "#0"},
				"east": {"uv": [5, 7, 5.5, 8.5], "texture": "#0"},
				"south": {"uv": [5, 1.5, 6, 3], "texture": "#0"},
				"west": {"uv": [5.5, 7, 6, 8.5], "texture": "#0"},
				"up": {"uv": [8.5, 7, 7.5, 6.5], "texture": "#0"},
				"down": {"uv": [8.5, 7, 7.5, 7.5], "texture": "#0"}
			}
		},
		{
			"from": [5, 0, 5],
			"to": [11, 1, 11],
			"faces": {
				"north": {"uv": [0, 6, 3, 6.5], "texture": "#0"},
				"east": {"uv": [6, 0, 9, 0.5], "texture": "#0"},
				"south": {"uv": [6, 0.5, 9, 1], "texture": "#0"},
				"west": {"uv": [6, 1, 9, 1.5], "texture": "#0"},
				"up": {"uv": [3, 3, 0, 0], "texture": "#0"},
				"down": {"uv": [3, 3, 0, 6], "texture": "#0"}
			}
		},
		{
			"from": [4, 1, 5],
			"to": [5, 2, 11],
			"faces": {
				"north": {"uv": [3.5, 8.5, 4, 9], "texture": "#0"},
				"east": {"uv": [6, 1.5, 9, 2], "texture": "#0"},
				"south": {"uv": [4, 8.5, 4.5, 9], "texture": "#0"},
				"west": {"uv": [6, 2, 9, 2.5], "texture": "#0"},
				"up": {"uv": [6.5, 5.5, 6, 2.5], "texture": "#0"},
				"down": {"uv": [3.5, 6, 3, 9], "texture": "#0"}
			}
		},
		{
			"from": [11, 1, 5],
			"to": [12, 2, 11],
			"faces": {
				"north": {"uv": [4.5, 8.5, 5, 9], "texture": "#0"},
				"east": {"uv": [3.5, 6, 6.5, 6.5], "texture": "#0"},
				"south": {"uv": [5, 8.5, 5.5, 9], "texture": "#0"},
				"west": {"uv": [6, 5.5, 9, 6], "texture": "#0"},
				"up": {"uv": [0.5, 9.5, 0, 6.5], "texture": "#0"},
				"down": {"uv": [1, 6.5, 0.5, 9.5], "texture": "#0"}
			}
		},
		{
			"from": [5, 1, 11],
			"to": [11, 2, 12],
			"rotation": {"angle": 0, "axis": "y", "origin": [8, 1.5, 8]},
			"faces": {
				"north": {"uv": [6.5, 4, 9.5, 4.5], "texture": "#0"},
				"east": {"uv": [6.5, 8.5, 7, 9], "texture": "#0"},
				"south": {"uv": [6.5, 4.5, 9.5, 5], "texture": "#0"},
				"west": {"uv": [8.5, 6.5, 9, 7], "texture": "#0"},
				"up": {"uv": [9.5, 5.5, 6.5, 5], "texture": "#0"},
				"down": {"uv": [9.5, 6, 6.5, 6.5], "texture": "#0"}
			}
		},
		{
			"from": [5, 1, 4],
			"to": [11, 2, 5],
			"rotation": {"angle": 0, "axis": "y", "origin": [8, 1.5, 8]},
			"faces": {
				"north": {"uv": [6.5, 2.5, 9.5, 3], "texture": "#0"},
				"east": {"uv": [5.5, 8.5, 6, 9], "texture": "#0"},
				"south": {"uv": [6.5, 3, 9.5, 3.5], "texture": "#0"},
				"west": {"uv": [6, 8.5, 6.5, 9], "texture": "#0"},
				"up": {"uv": [6.5, 7, 3.5, 6.5], "texture": "#0"},
				"down": {"uv": [9.5, 3.5, 6.5, 4], "texture": "#0"}
			}
		},
		{
			"from": [10, 4, 7],
			"to": [11, 5, 9],
			"faces": {
				"north": {"uv": [7, 8.5, 7.5, 9], "texture": "#0"},
				"east": {"uv": [7.5, 8, 8.5, 8.5], "texture": "#0"},
				"south": {"uv": [8.5, 7, 9, 7.5], "texture": "#0"},
				"west": {"uv": [1, 8.5, 2, 9], "texture": "#0"},
				"up": {"uv": [2.5, 9.5, 2, 8.5], "texture": "#0"},
				"down": {"uv": [3, 8.5, 2.5, 9.5], "texture": "#0"}
			}
		}
	]
}