{
	"credit": "Made with Blockbench",
	"texture_size": [64, 64],
	"textures": {
		"0": "item/pizza",
		"particle": "item/pizza"
	},
	"display": {
		"thirdperson_righthand": {
		  "rotation": [ 0, 0, 0 ],
		  "translation": [ 0, 8, 0 ],
		  "scale": [ 0.75, 0.75, 0.75 ]
		},
		"thirdperson_lefthand": {
			"rotation": [ 0, 0, 0 ],
			"translation": [ 0, 8, 0 ],
			"scale": [ 0.75, 0.75, 0.75 ]
		},
		"firstperson_righthand": {
		  "rotation": [ 0, 90, 0 ],
		  "translation": [ 0, 5, 0 ],
		  "scale": [ 0.75, 0.75, 0.75 ]
		},
		"firstperson_lefthand": {
			"rotation": [ 0, -90, 0 ],
			"translation": [ 0, 5, 0 ],
			"scale": [ 0.75, 0.75, 0.75 ]
		},
		"gui": {
			"rotation": [ 45, 45, 0 ],
			"translation": [ 0, 1, 0 ],
			"scale": [ 0.75, 0.75, 0.75 ]
		},
		"ground": {
			"rotation": [ 0, 0, 0 ],
			"translation": [ 0, 0, 0 ],
			"scale": [ 1, 1, 1 ]
		},
		"fixed": {
			"rotation": [ -90, 0, 0 ],
			"translation": [ 0, 0, -12 ],
			"scale": [ 1.5, 1.5, 1.5 ]
		}
	},
	"elements": [
		{
			"from": [0, 0, 0],
			"to": [16, 1, 16],
			"faces": {
				"north": {"uv": [4.5, 0.5, 8.5, 0.75], "texture": "#0"},
				"east": {"uv": [4.5, 0.75, 8.5, 1], "texture": "#0"},
				"south": {"uv": [4.5, 1, 8.5, 1.25], "texture": "#0"},
				"west": {"uv": [4.5, 1.25, 8.5, 1.5], "texture": "#0"},
				"up": {"uv": [4, 4, 0, 0], "texture": "#0"},
				"down": {"uv": [4, 4, 0, 8], "texture": "#0"}
			}
		},
		{
			"from": [0, 1, 0],
			"to": [1, 2, 16],
			"faces": {
				"north": {"uv": [4.25, 4.75, 4.5, 5], "texture": "#0"},
				"east": {"uv": [4, 0, 8, 0.25], "texture": "#0"},
				"south": {"uv": [4.75, 4.25, 5, 4.5], "texture": "#0"},
				"west": {"uv": [4, 0.25, 8, 0.5], "texture": "#0"},
				"up": {"uv": [4.25, 4.5, 4, 0.5], "texture": "#0"},
				"down": {"uv": [4.5, 0.5, 4.25, 4.5], "texture": "#0"}
			}
		},
		{
			"from": [15, 1, 0],
			"to": [16, 2, 16],
			"faces": {
				"north": {"uv": [5, 4, 5.25, 4.25], "texture": "#0"},
				"east": {"uv": [4.5, 1.5, 8.5, 1.75], "texture": "#0"},
				"south": {"uv": [4.25, 5, 4.5, 5.25], "texture": "#0"},
				"west": {"uv": [4.5, 1.75, 8.5, 2], "texture": "#0"},
				"up": {"uv": [4.75, 6, 4.5, 2], "texture": "#0"},
				"down": {"uv": [4.25, 4.5, 4, 8.5], "texture": "#0"}
			}
		},
		{
			"from": [1, 1, 15],
			"to": [15, 2, 16],
			"rotation": {"angle": 0, "axis": "y", "origin": [8, 1.5, 8]},
			"faces": {
				"north": {"uv": [4.75, 3, 8.25, 3.25], "texture": "#0"},
				"east": {"uv": [4.75, 4.5, 5, 4.75], "texture": "#0"},
				"south": {"uv": [4.75, 3.25, 8.25, 3.5], "texture": "#0"},
				"west": {"uv": [4.75, 4.75, 5, 5], "texture": "#0"},
				"up": {"uv": [8.25, 3.75, 4.75, 3.5], "texture": "#0"},
				"down": {"uv": [8.25, 3.75, 4.75, 4], "texture": "#0"}
			}
		},
		{
			"from": [1, 1, 0],
			"to": [15, 2, 1],
			"rotation": {"angle": 0, "axis": "y", "origin": [8, 1.5, 8]},
			"faces": {
				"north": {"uv": [4.75, 2, 8.25, 2.25], "texture": "#0"},
				"east": {"uv": [4.25, 4.5, 4.5, 4.75], "texture": "#0"},
				"south": {"uv": [4.75, 2.25, 8.25, 2.5], "texture": "#0"},
				"west": {"uv": [4.75, 4, 5, 4.25], "texture": "#0"},
				"up": {"uv": [8.25, 2.75, 4.75, 2.5], "texture": "#0"},
				"down": {"uv": [8.25, 2.75, 4.75, 3], "texture": "#0"}
			}
		}
	]
}